﻿<?xml version="1.0" encoding="utf-8"?>
<Deployment xmlns="http://schemas.microsoft.com/windowsphone/2012/deployment" AppPlatformVersion="8.0">
<!-- 
    Licensed under the Apache License, Version 2.0 (the "License");
    you may not use this file except in compliance with the License.
    You may obtain a copy of the License at
    
    http://www.apache.org/licenses/LICENSE-2.0
    
    Unless required by applicable law or agreed to in writing, software
    distributed under the License is distributed on an "AS IS" BASIS,
    WITHOUT WARRANTIES OR CONDITIONS OF ANY KIND, either express or implied.
    See the License for the specific language governing permissions and
    limitations under the License.
-->
  <DefaultLanguage xmlns="" code="en-US" />
  <Languages xmlns="">
    <Language code="en-US" />
  </Languages>
  <App xmlns="" ProductID="{$guid1$}" Title="$safeprojectname$" RuntimeType="Silverlight" Version="1.0.0.0" Genre="apps.normal" Author="$safeprojectname$ author" BitsPerPixel="32" Description="Apache Cordova for Windows Phone" Publisher="$safeprojectname$" PublisherID="{db093ed5-53b1-45f7-af72-751e8f36ab80}">
    <IconPath IsRelative="true" IsResource="false">ApplicationIcon.png</IconPath>
    <Capabilities>
      <Capability Name="ID_CAP_WEBBROWSERCOMPONENT" />
      <Capability Name="ID_CAP_NETWORKING" />
    </Capabilities>
    <Tasks>
      <DefaultTask Name="_default" NavigationPage="MainPage.xaml" />
    </Tasks>
    <Tokens>
      <PrimaryToken TokenID="$safeprojectname$Token" TaskName="_default">
        <TemplateFlip>
          <SmallImageURI IsResource="false" IsRelative="true">Background.png</SmallImageURI>
          <Count>0</Count>
          <BackgroundImageURI IsResource="false" IsRelative="true">Background.png</BackgroundImageURI>
          <Title>$safeprojectname$</Title>
          <BackContent></BackContent>
          <BackBackgroundImageURI></BackBackgroundImageURI>
          <BackTitle></BackTitle>
          <LargeBackgroundImageURI></LargeBackgroundImageURI>
          <LargeBackContent></LargeBackContent>
          <LargeBackBackgroundImageURI></LargeBackBackgroundImageURI>
          <DeviceLockImageURI></DeviceLockImageURI>
          <HasLarge>false</HasLarge>
        </TemplateFlip>
      </PrimaryToken>
    </Tokens>
    <ScreenResolutions>
      <ScreenResolution Name="ID_RESOLUTION_WVGA" />
      <ScreenResolution Name="ID_RESOLUTION_WXGA" />
      <ScreenResolution Name="ID_RESOLUTION_HD720P" />
    </ScreenResolutions>
  </App>
</Deployment>